{
  "train_loss": [
    2.7279481887817383,
    2.567148208618164,
    2.481085181236267,
    2.503513813018799,
    2.585989475250244,
    2.481356620788574,
    2.3940423727035522,
    2.3367925882339478,
    2.4735838174819946,
    2.3702075481414795
  ],
  "val_loss": [
    2.7361621856689453,
    2.895853042602539,
    3.0890402793884277,
    2.9786770343780518,
    2.820889949798584,
    2.8691484928131104,
    3.122739315032959,
    3.2463388442993164,
    3.2618753910064697,
    3.237584114074707
  ],
  "train_acc": [
    0.1875,
    0.1875,
    0.1875,
    0.0625,
    0.0,
    0.1875,
    0.25,
    0.1875,
    0.125,
    0.1875
  ],
  "val_acc": [
    0.0,
    0.0,
    0.0,
    0.0,
    0.0,
    0.0,
    0.0,
    0.0,
    0.0,
    0.0
  ],
  "train_top3": [
    0.25,
    0.375,
    0.375,
    0.375,
    0.3125,
    0.375,
    0.625,
    0.5625,
    0.375,
    0.375
  ],
  "val_top3": [
    0.25,
    0.25,
    0.25,
    0.5,
    0.5,
    0.25,
    0.0,
    0.0,
    0.0,
    0.0
  ],
  "lr": [
    0.001,
    0.001,
    0.001,
    0.001,
    0.001,
    0.001,
    0.001,
    0.0005,
    0.0005,
    0.0005
  ]
}